名前,人物,字号,勢力,コスト,帯,兵種,役割,兵力,武力,知力,攻撃力,防御力,兵法,消費ゲージ%,ゲージ上昇率,初期ゲージ,固有特性,知力傾き,効果予算,能力値コスト,総合値,実力比%,台詞,武勇,知略,役割寄せ,槍,防御寄せ,速度寄せ,床調整,版
曹操〔魏王〕,曹操,魏王,魏,10,高,騎兵,支援,11445,83.2,92.9,73.5,42.3,唯才是挙,150,130,60,order,1.116,0.595,9.405,111.6335,99,天下に才有らば、我これを用いるのみ！,72,91,0.14,,,,0.10,
司馬懿〔冢虎〕,司馬懿,冢虎,魏,10,高,弓兵,支援,17683,407.8,489.6,246.8,34.0,堅忍,150,130,60,vs_shu,1.200,1.217,8.783,282.0424,249,急くな。勝機は熟れて落ちるのを待つものだ。,63,98,0.25,,,,0.29,
関羽〔漢寿亭侯〕,関羽,漢寿亭侯,蜀,10,高,騎兵,瞬発,5738,151.4,144.9,262.8,42.3,青龍偃月,300,100,140,vs_go,0.957,1.456,8.544,105.8003,93,この髭面、覚えておくがいい！,97,79,-0.13,,,0.2,0.10,
諸葛亮〔臥龍〕,諸葛亮,臥龍,蜀,10,高,弓兵,支援,11951,246.2,355.2,237.9,34.0,借風火攻,300,130,140,disrupt、lastplan,1.443,2.254,7.746,187.1586,165,万事、計のうちにございます。,38,100,0.44,,,-0.3,-0.084,
張飛〔当陽橋〕,張飛,当陽橋,蜀,10,高,歩兵,耐久,18748,105.6,82.7,55.1,56.6,一喝,300,100,140,vanguard,0.783,1.935,8.065,159.0214,140,燕人張飛、ここにあり！　命の要らぬ奴からかかって来い！,98,45,-0.38,1,,,0.11,
呂布〔飛将〕,呂布,飛将,群雄,10,高,騎兵,瞬発,5183,153.5,98.5,285.5,39.8,轅門射戟,75,105,0,jinchu,0.642,2.501,7.499,98.7141,87,我が方天画戟の前に、敵はない！,100,26,-0.53,,-0.3,0.3,0.10,1
呂布〔虓虎〕,呂布,虓虎,群雄,10,高,騎兵,瞬発,5680,168.2,107.9,285.5,39.8,虎嘯,300,105,140,kishin,0.642,1.107,8.893,108.1656,96,この虓虎の前に立ちはだかるか。血に飢えているぞ！,100,26,-0.53,,-0.3,0.3,0.10,2
孫策〔小覇王〕,孫策,小覇王,呉,9,高,騎兵,火力,6179,126.0,117.1,202.4,42.3,江東の疾風,300,100,140,pursuit,0.930,1.312,7.688,99.9940,88,江東の風は、俺より速いものを知らん！,92,69,-0.16,,,,0.10,
周瑜〔赤壁〕,周瑜,赤壁,呉,10,高,弓兵,火力,7226,446.3,510.1,648.6,34.0,火計,300,100,140,vs_wei,1.143,2.231,7.769,186.8366,165,火を放て。長江の風がすべて運んでくれる。,71,96,0.18,,,,-0.087,
張遼〔逍遥津〕,張遼,逍遥津,魏,9,高,騎兵,均衡,7885,80.7,78.3,102.0,42.3,突撃,300,100,140,vs_go,0.971,1.363,7.637,90.5896,80,張遼が来たぞ！　泣く子も黙れ！,92,78,-0.10,,,,,
夏侯惇〔独眼〕,夏侯惇,独眼,魏,9,高,歩兵,耐久,14780,79.9,70.5,53.5,56.6,抜矢啖睛,300,100,140,diehard,0.882,3.028,5.972,123.4390,109,父母より受けし目、捨てるには惜しいわ！,90,58,-0.23,,,,,
馬超〔錦馬超〕,馬超,錦馬超,蜀,8,高,騎兵,火力,4964,105.4,87.8,208.7,42.3,西涼の驍将,300,100,140,bloodpath,0.833,1.487,6.513,81.5695,72,錦馬超の名、西涼の風とともに参る！,95,52,-0.31,,,,-0.025,
趙雲〔長坂坡〕,趙雲,長坂坡,蜀,9,高,騎兵,火力,5784,117.2,111.1,201.6,42.3,単騎突入,300,100,140,sustain,0.948,0.905,8.095,93.4110,83,子龍の一身、すべて胆なり！,96,76,-0.14,,,,,
劉備〔徳将〕,劉備,徳将,蜀,9,高,歩兵,耐久,16918,85.8,89.1,50.9,56.6,仁徳,150,95,60,vanguard,1.038,1.501,7.499,137.9074,122,民を守れぬ戦に、勝ちなどない！,73,75,0.01,,,,,
董卓〔暴虐〕,董卓,暴虐,群雄,9,高,歩兵,耐久,15634,81.5,79.0,52.0,56.6,暴威,300,100,140,banner,0.970,2.470,6.530,128.7241,114,逆らう者は焼き尽くせ！　洛陽の炎を忘れたか！,85,72,-0.09,,,-0.3,,
陸遜〔夷陵〕,陸遜,夷陵,呉,9,高,弓兵,支援,11012,261.3,300.5,249.7,34.0,連営火攻,300,130,140,vs_shu,1.150,2.083,6.917,176.6814,156,書生と侮ったな。それが命取りです。,69,95,0.19,,,,-0.084,
太史慈〔神射〕,太史慈,神射,呉,9,高,弓兵,火力,6529,470.5,429.1,698.4,34.0,神射,300,100,140,laststand,0.912,3.366,5.634,175.1813,155,丈夫たる者、三尺の剣を帯びて天子に昇るべし！,93,66,-0.19,,,,,
許褚〔虎痴〕,許褚,虎痴,魏,8,高,歩兵,耐久,14787,84.7,61.8,55.7,56.6,裸衣闘馬超,300,95,140,vanguard、cover,0.730,1.749,6.251,126.0810,111,虎痴の力、見せてやろう！,96,36,-0.43,,,,,
徐晃〔長駆〕,徐晃,長駆,魏,8,高,歩兵,均衡,12229,127.2,118.6,103.3,56.6,長駆直入,300,100,140,cheer,0.932,1.434,6.566,141.9717,125,周亜夫の風、ここに再び！,90,68,-0.16,1,,,0.10,
張郃〔巧変〕,張郃,巧変,魏,8,高,歩兵,均衡,12197,126.2,118.7,102.9,56.6,巧変,300,100,140,vs_shu,0.941,1.497,6.503,141.3133,125,変化こそ兵の常。読めるかな？,89,69,-0.14,,,,0.10,
黄忠〔定軍山〕,黄忠,定軍山,蜀,8,高,弓兵,瞬発,5375,516.7,455.8,921.6,34.0,百歩穿楊,300,105,140,pursuit,0.882,3.055,4.945,165.6758,146,老いてなお、弓は百歩の柳を穿つ！,93,60,-0.24,,,,,
姜維〔幼麟〕,姜維,幼麟,蜀,8,高,騎兵,均衡,7104,70.7,73.0,99.8,42.3,九伐中原,300,100,140,vs_wei,1.032,1.965,6.035,80.7178,71,丞相の遺志、この姜維が継ぐ！,89,90,0.01,,,,,
甘寧〔錦帆賊〕,甘寧,錦帆賊,呉,8,高,騎兵,瞬発,4505,123.9,105.6,271.0,42.3,百騎劫営,300,100,140,vs_wei,0.853,1.378,6.622,84.3348,74,鈴の音が聞こえたら、もう遅いぜ！,94,55,-0.28,,,,,
孫権〔碧眼〕,孫権,碧眼,呉,8,高,弓兵,支援,11749,289.7,317.0,254.7,34.0,碧眼児の号令,150,130,60,order,1.094,1.266,6.734,190.3676,168,江東の虎の子、侮るなかれ！,67,80,0.09,,,,,
呂蒙〔白衣〕,呂蒙,白衣,呉,8,高,弓兵,支援,10703,268.3,285.2,256.2,34.0,白衣渡江,300,130,140,disrupt,1.063,2.456,5.544,173.9431,154,呉下の阿蒙にあらず。刮目して見よ！,81,89,0.06,,,,,
郭嘉〔鬼才〕,郭嘉,鬼才,魏,7,高,弓兵,支援,12169,209.3,415.2,231.2,28.6,十勝十敗,150,130,60,chain,1.984,0.726,6.274,184.0124,163,十勝十敗、すでに数え終えている。,15,98,0.59,,-0.8,,,
典韋〔古之悪来〕,典韋,古之悪来,魏,7,高,歩兵,耐久,12762,73.9,50.7,56.1,62.3,悪来,300,100,140,vanguard、cover,0.687,2.330,4.670,111.1069,98,古之悪来、主君の盾とならん！,95,30,-0.46,,0.5,,,
于禁〔毅重〕,于禁,毅重,魏,7,高,歩兵,耐久,14356,75.0,72.1,52.1,63.4,毅重,150,95,60,rearguard,0.961,1.300,5.700,120.8631,107,軍律は山よりも重い。乱すな。,80,66,-0.10,,0.6,,,
龐統〔鳳雛〕,龐統,鳳雛,蜀,7,高,弓兵,支援,11272,228.9,339.7,237.5,29.9,連環の鎖,150,130,60,chain,1.484,1.478,5.522,173.6372,153,鳳雛の羽ばたき、伏龍に劣らず。,34,97,0.45,,-0.6,,,
魏延〔子午〕,魏延,子午,蜀,7,高,騎兵,火力,5128,104.5,97.2,202.4,42.3,子午の奇襲,300,100,140,bloodpath,0.930,0.596,6.404,82.9895,73,子午谷を抜ける策、今こそ見せる！,92,69,-0.16,,,,,
顔良〔河北の驍〕,顔良,河北の驍,群雄,6,中,騎兵,瞬発,3795,107.2,82.8,276.0,42.3,河北の驍将,75,105,0,laststand,0.772,1.425,4.575,71.7169,63,河北の武、見せてくれるわ！,93,41,-0.37,,,,,
魯粛〔榻上策〕,魯粛,榻上策,呉,7,高,弓兵,支援,11372,259.8,317.9,246.3,34.0,榻上の策,150,130,60,chain,1.224,0.930,6.070,181.2018,160,天下二分の計、すでに描いてございます。,56,92,0.26,,,,,
凌統〔公績〕,凌統,公績,呉,7,高,歩兵,火力,7395,150.9,139.0,202.4,56.6,逍遥津の奮戦,300,100,140,avenge,0.921,1.371,5.629,120.1980,106,父の仇はさておき……いや、やはりさておけん！,85,62,-0.16,1,,,,
鄧艾〔陰平〕,鄧艾,陰平,魏,6,中,歩兵,均衡,10220,100.6,106.4,99.0,56.6,陰平越え,300,100,140,vs_shu,1.058,0.796,5.204,116.1682,103,道なき道こそ、我が道よ。,84,91,0.05,1,,,,
荀彧〔王佐〕,荀彧,王佐,魏,6,中,弓兵,支援,11291,193.2,388.5,231.7,34.0,駆虎吞狼,150,130,60,relief,2.010,0.417,5.583,174.4803,154,王佐の才、乱世にこそ光る。,14,95,0.58,,,,,
夏侯淵〔神速〕,夏侯淵,神速,魏,6,中,騎兵,火力,4401,91.7,80.1,205.8,42.3,神速,75,75,0,pursuit,0.873,1.412,4.588,71.7985,63,三日で五百里、六日で千里！,91,57,-0.24,,,0.3,,
関平〔麒麟児〕,関平,麒麟児,蜀,6,中,騎兵,火力,4598,93.2,88.0,201.6,42.3,麒麟児,300,100,140,cheer,0.943,1.012,4.988,74.2626,66,父上の名に恥じぬ戦を！,87,68,-0.14,,,,,
法正〔翼侯〕,法正,翼侯,蜀,6,中,弓兵,支援,10833,238.1,309.9,243.0,34.0,献策,150,130,60,disrupt,1.301,0.637,5.363,171.4429,151,恩は必ず返す。仇もまた必ず返す。,48,94,0.33,,,,,
文醜〔河北の勇〕,文醜,河北の勇,群雄,5,中,騎兵,均衡,5761,64.4,47.0,108.7,42.3,河北の勇,300,100,140,legacy,0.731,0.975,4.025,68.3294,60,顔良の分まで暴れてくれる！,93,35,-0.41,,,,,
黄蓋〔苦肉〕,黄蓋,苦肉,呉,6,中,歩兵,耐久,13815,72.8,68.7,52.4,56.6,火船突入,300,95,140,vanguard,0.944,1.003,4.997,114.2116,101,この老骨の傷、無駄にはせんぞ！,83,65,-0.13,,,,,
程普〔老練〕,程普,老練,呉,6,中,歩兵,耐久,14004,71.5,72.8,51.1,56.6,老練の采配,150,95,60,rearguard,1.019,0.984,5.016,114.3843,101,三代に仕えた槍、錆びてはおらん！,79,77,-0.01,1,,,,
鍾会〔士季〕,鍾会,士季,魏,5,中,騎兵,均衡,6212,59.4,67.2,96.9,42.3,士季の計,300,100,140,disrupt,1.132,0.778,4.222,69.5465,61,才は野心のためにある。,70,92,0.16,,,,,
賈詡〔毒士〕,賈詡,毒士,魏,5,中,弓兵,支援,10249,222.3,294.6,241.6,34.0,離間の計,150,130,60,chain,1.325,0.340,4.660,161.7438,143,謀とは、毒と知って飲ませるもの。,47,97,0.36,,,,,
楽進〔先登〕,楽進,先登,魏,5,中,歩兵,均衡,8989,94.6,84.7,104.1,56.6,先登,150,100,60,vanguard,0.896,1.151,3.849,104.7825,93,一番乗りは、いつもこの楽進よ！,86,58,-0.20,,,,0.014,
李典〔慎重〕,李典,慎重,魏,5,中,弓兵,火力,5154,340.0,354.5,669.5,34.0,斉射,75,100,0,rearguard,1.043,2.250,2.750,135.3915,120,功を焦るな。それが長生きの秘訣だ。,75,78,0.02,,,,,
馬謖〔幼常〕,馬謖,幼常,蜀,5,中,弓兵,均衡,7383,222.9,274.5,326.4,34.0,街亭,300,100,140,legacy,1.231,1.554,3.446,135.4289,120,街亭の轍は二度と踏まん！,52,87,0.25,,,,-0.066,
王平〔無当〕,王平,無当,蜀,5,中,歩兵,均衡,9658,96.0,99.7,99.8,62.3,無当飛軍,150,100,60,vs_wei,1.038,0.991,4.009,112.1937,99,無当飛軍、山岳の戦に負けはない！,72,74,0.01,1,0.5,,0.07,
韓当〔老弓〕,韓当,老弓,呉,5,中,弓兵,火力,5524,387.5,367.0,688.6,34.0,連射,75,100,0,sustain,0.947,1.397,3.603,147.1583,130,孫家三代、この弓で支えてきた！,81,64,-0.12,,,,,
朱然〔江陵〕,朱然,江陵,呉,5,中,歩兵,耐久,12769,65.5,66.0,51.3,56.6,江陵の籠城,150,95,60,rearguard,1.009,1.027,3.973,104.5072,92,江陵を守り抜いた夜を思えば、何ほどのこと！,74,70,-0.03,,,,,
郭淮〔雍涼〕,郭淮,雍涼,魏,4,中,騎兵,均衡,5513,54.1,57.6,98.8,42.3,雍涼の備,300,100,140,diehard,1.065,0.949,3.051,62.3272,55,雍涼の地は一歩も譲らん。,76,84,0.06,,,,,
荀攸〔謀主〕,荀攸,謀主,魏,4,中,弓兵,火力,5267,244.7,456.1,605.0,34.0,謀主,300,100,140,chain,1.864,1.530,2.470,131.5317,116,十二の奇策、まだ半分も見せておらん。,17,93,0.54,,,,,
曹仁〔堅守〕,曹仁,堅守,魏,4,中,歩兵,耐久,11260,59.9,55.1,52.8,67.9,鉄壁,150,95,60,vs_go,0.920,0.843,3.157,96.7837,85,この城壁、破れるものなら破ってみよ！,88,64,-0.17,,1,,,
高順〔陥陣〕,高順,陥陣,群雄,4,中,歩兵,火力,5286,108.7,98.5,203.7,62.3,陥陣営,75,100,0,vanguard,0.907,1.800,2.200,87.7190,77,陥陣営、攻めて落とせぬ陣はない！,86,60,-0.19,,0.5,,,
陳宮〔公台〕,陳宮,公台,群雄,4,中,弓兵,支援,9025,203.1,255.6,245.4,34.0,公台の策,150,130,60,legacy,1.258,0.660,3.340,143.5261,127,この策に乗れぬなら、それまでの君よ。,50,89,0.28,,,,,
張任〔落鳳〕,張任,落鳳,群雄,4,中,騎兵,火力,4086,79.7,82.3,195.6,42.3,落鳳坡,300,100,140,pursuit,1.033,0.515,3.485,64.9999,57,忠臣は二君に仕えず！,79,80,0.01,,,,,
徐盛〔疑城〕,徐盛,疑城,呉,4,中,弓兵,均衡,7320,242.5,258.4,338.9,34.0,疑城の計,150,100,60,disrupt,1.066,1.147,2.853,136.8121,121,疑心暗鬼、それがお前の敵だ。,75,83,0.06,,,,,
周泰〔身代〕,周泰,身代,呉,4,中,歩兵,耐久,11260,62.0,51.7,54.1,65.7,救主の奮戦,150,95,60,double,0.835,1.182,2.818,97.3166,86,この傷の数だけ、主君を守った証！,89,49,-0.29,1,0.8,,0.040,
満寵〔剛毅〕,満寵,剛毅,魏,3,低,弓兵,火力,4658,283.1,334.2,646.1,34.0,剛毅,300,100,140,vs_go,1.180,1.350,1.650,120.2135,106,法を曲げるくらいなら、この首を曲げよ。,58,86,0.20,,,,,
曹洪〔救主〕,曹洪,救主,魏,3,低,騎兵,均衡,5266,47.3,41.2,88.7,42.3,救主,150,100,60,relief,0.870,0.909,2.091,56.4106,50,天下に曹洪はいなくとも、殿がいなくては！,84,52,-0.23,,,,,
馬岱〔追撃〕,馬岱,追撃,蜀,3,低,騎兵,火力,4285,59.1,56.5,137.3,42.3,追撃,300,100,140,pursuit,0.956,0.796,2.204,57.1063,50,逃すな！　追撃こそ我が役目！,80,65,-0.11,,,0.3,,
陳到〔白毦〕,陳到,白毦,蜀,3,低,歩兵,耐久,10252,54.6,49.9,52.8,56.6,白毦の突き,300,95,140,rearguard、cover,0.914,1.076,1.924,85.1013,75,白毦兵、影の如く主を守る。,84,60,-0.17,1,,,,
廖化〔老将〕,廖化,老将,蜀,3,低,騎兵,火力,4168,57.1,55.3,136.5,45.7,殿軍,300,100,140,legacy,0.970,0.968,2.032,56.0449,50,先鋒廖化、まだまだ若い者には負けん！,71,60,-0.08,,0.4,,,
厳顔〔老当〕,厳顔,老当,蜀,3,低,歩兵,均衡,8245,72.6,67.3,87.5,56.6,老当益壮,300,100,140,laststand,0.926,0.761,2.239,88.0852,78,断頭将軍はあっても、降参将軍はない！,85,63,-0.16,,,,,
傅僉〔守将〕,傅僉,守将,蜀,3,低,歩兵,耐久,10201,54.2,49.6,52.7,63.4,陽安関の反撃,300,95,140,diehard,0.915,0.939,2.061,86.4065,76,この関は、命に代えても守る！,81,58,-0.16,1,0.6,,,
諸葛瑾〔子瑜〕,諸葛瑾,子瑜,呉,3,低,弓兵,支援,8174,177.9,238.2,243.5,34.0,子瑜の弁,150,130,60,banner,1.339,0.677,2.323,129.4967,114,弟とは立場が違う。それだけのこと。,40,85,0.32,,,,,
楽綝〔揚州〕,楽綝,揚州,魏,2,低,騎兵,火力,4402,44.8,40.8,101.0,42.3,揚州の驍,75,100,0,cheer,0.910,0.900,1.100,50.3064,44,父の武名に恥じぬ働きを！,78,55,-0.16,,,,,
李厳〔正方〕,李厳,正方,蜀,2,低,騎兵,均衡,5649,41.4,41.4,73.2,42.3,督運,150,100,60,chain,1.000,0.141,1.859,54.9824,49,糧道は任せよ。……戦もできるがな。,78,72,-0.04,,,,,
張嶷〔越巂〕,張嶷,越巂,蜀,2,低,歩兵,耐久,9610,49.0,50.2,51.1,56.6,越巂の鎮,150,95,60,rearguard,1.024,0.774,1.226,78.4924,69,南中の民に誓った太平、ここで崩させん！,74,73,-0.01,,,,,
呉懿〔外戚〕,呉懿,外戚,蜀,2,低,騎兵,均衡,5288,38.9,38.5,73.5,42.3,堅陣,150,100,60,banner,0.989,0.695,1.305,51.5681,46,外戚と侮るな。戦場では槍がすべてよ。,76,68,-0.06,,,,,
董襲〔断纜〕,董襲,断纜,呉,2,低,歩兵,火力,6834,71.2,60.7,102.6,56.6,断纜,300,100,140,laststand,0.853,0.712,1.288,79.0846,70,纜を断て！　退路など要らん！,82,48,-0.24,,,,,
潘璋〔急襲〕,潘璋,急襲,呉,2,低,騎兵,火力,4660,47.6,43.2,101.2,42.3,急襲,300,100,140,pursuit,0.908,0.413,1.587,53.3064,47,獲物は逃さん。関羽とて例外ではなかった！,80,56,-0.17,,,0.3,,
張昭〔子布〕,張昭,子布,呉,2,低,弓兵,支援,7648,147.4,244.2,237.0,34.0,江東の柱石,150,130,60,relief,1.657,0.399,1.601,119.5329,106,内を治めずして外は討てませぬぞ。,22,86,0.46,,,,,
丁奉〔雪中〕,丁奉,雪中,呉,2,低,弓兵,瞬発,3733,328.6,331.7,883.2,34.0,雪中奮短兵,300,100,140,bloodpath,1.010,0.900,1.100,112.6245,99,雪の中でこそ、刃は冴える！,78,74,-0.03,,,,,
田豫〔国譲〕,田豫,国譲,魏,1,低,騎兵,均衡,5228,32.3,34.5,62.2,42.3,国譲の守,150,100,60,diehard,1.067,0.450,0.550,46.9137,41,辺境の守り、地味こそ誉れ。,72,80,0.06,,,,,
糜竺〔子仲〕,糜竺,子仲,蜀,1,低,歩兵,均衡,8428,47.3,70.5,58.9,56.6,糧道,150,100,60,relief,1.489,0.259,0.741,73.9003,65,財も命も、御家のために！,25,72,0.34,,,,,
簡雍〔憲和〕,簡雍,憲和,蜀,1,低,歩兵,支援,8874,46.5,65.7,54.6,56.6,弁舌,150,130,60,chain,1.411,0.152,0.848,74.9113,66,まあまあ、話せば分かる。……分からねば戦うまで。,30,74,0.31,,,,,
樊建〔伝令〕,樊建,伝令,蜀,1,低,弓兵,支援,6781,155.1,194.0,248.8,34.0,伝令,150,130,60,chain,1.251,0.193,0.807,108.5862,96,伝令！　伝令ーッ！,40,70,0.21,,,,,
宗預〔使者〕,宗預,使者,蜀,1,低,弓兵,支援,6702,164.1,182.0,254.2,34.0,結盟,150,130,60,dirge,1.109,0.200,0.800,108.4784,96,歳を聞くな。働きを見よ。,58,72,0.10,,,,,
孫乾〔従事〕,孫乾,従事,蜀,1,低,歩兵,支援,8571,44.5,64.6,54.3,56.6,従事,150,130,60,relief,1.452,0.444,0.556,72.1483,64,使者の足も、軍の力のうち。,28,75,0.34,,,,,
呂範〔子衡〕,呂範,子衡,呉,1,低,弓兵,均衡,5676,178.4,207.4,332.2,34.0,子衡の備,150,100,60,reserve,1.162,0.450,0.550,105.0356,93,帳簿も陣も、乱れなく整えてこそ。,55,78,0.16,,,,,
全琮〔護軍〕,全琮,護軍,呉,1,低,騎兵,均衡,5202,32.6,33.7,62.9,42.3,護軍の迎撃,75,100,0,cheer,1.034,0.450,0.550,46.9137,41,兵を愛する者こそ、兵に愛される。,70,71,0.01,,,,,
孫堅〔江東の虎〕,孫堅,江東の虎,呉,9,高,騎兵,火力,5586,114.8,104.5,203.7,42.3,虎牢突撃,300,100,140,pursuit,0.911,2.687,6.313,90.6758,80,江東の虎、ここにあり！,92,65,-0.19,,,,0.10,
張角〔太平道〕,張角,太平道,群雄,9,高,弓兵,火力,7507,396.4,594.1,620.3,30.6,黄天の妖術,300,105,140,chain,1.499,0.973,8.027,187.3880,166,蒼天已死、黄天當立！,30,88,0.41,,-0.5,,-0.10,
袁紹〔盟主〕,袁紹,盟主,群雄,10,高,弓兵,支援,13880,338.1,378.3,253.7,34.0,反董卓連合,150,100,60,command,1.119,0.795,9.205,224.4540,198,四世三公の名にかけて！,55,70,0.11,,,,,
陸抗〔羊陸之交〕,陸抗,羊陸之交,呉,10,高,歩兵,耐久,17070,84.1,93.5,49.8,64.5,西陵の堅塁,150,100,60,restraint,1.112,2.166,7.834,141.0751,125,守りて、後に勝つ。,68,85,0.12,,0.7,,,
曹丕〔文帝〕,曹丕,文帝,魏,9,高,弓兵,支援,11827,267.7,336.8,246.8,34.0,九錫の詔,150,105,60,order,1.258,2.391,6.609,188.6440,167,文をもって世を定める。,45,80,0.25,,,,,
孟獲〔南蛮王〕,孟獲,南蛮王,群雄,9,高,歩兵,耐久,14799,83.3,62.8,54.9,56.6,蛮兵の猛進,300,95,140,diehard,0.754,2.836,6.164,125.2634,111,七たび捕えられようと、わしは屈せぬ！,85,35,-0.36,,,,,
龐徳〔白馬〕,龐徳,白馬,魏,8,高,騎兵,火力,4616,96.5,83.5,206.2,42.3,抬櫬の決戦,300,100,140,laststand,0.866,1.634,6.366,75.3904,67,棺を担いででも、貴様と戦おう！,90,55,-0.25,,,,-0.089,
諸葛恪〔元遜〕,諸葛恪,元遜,呉,9,高,弓兵,瞬発,5714,419.6,564.1,822.7,34.0,東興の奇策,300,130,140,double,1.344,4.050,4.950,166.4105,147,この才気、天下に鳴らしてみせよう。,40,86,0.33,,,,0.004,
公孫瓚〔白馬義従〕,公孫瓚,白馬義従,群雄,7,高,騎兵,瞬発,3738,101.1,88.2,267.1,42.3,白馬義従,300,100,140,hakuba,0.872,2.789,4.211,69.4776,61,白馬の誓い、破られはせぬ！,80,50,-0.21,,,0.3,,
祝融〔火神〕,祝融,火神,群雄,8,高,弓兵,火力,6313,470.5,399.1,705.6,34.0,火神の飛刀,300,100,140,avenge,0.848,1.736,6.264,170.2651,150,南蛮の火は、誰にも消せぬ！,78,45,-0.24,,,,-0.074,
夏侯霸〔帰蜀〕,夏侯霸,帰蜀,蜀,7,高,騎兵,均衡,7241,74.4,70.8,102.2,42.3,陰平の先導,150,100,60,vs_wei,0.951,0.550,6.450,83.2739,74,故国を離れても、この武は変わらぬ。,75,60,-0.11,,,,,
曹彰〔黄鬚〕,曹彰,黄鬚,魏,7,高,騎兵,火力,4483,98.4,69.5,213.1,42.3,黄鬚の突貫,150,95,60,vanguard,0.706,1.985,5.015,74.4295,66,鬚は黄なれど、心は猛虎よ！,88,30,-0.41,,,0.3,,
貂蝉〔傾国〕,貂蝉,傾国,群雄,7,高,弓兵,支援,12075,218.9,408.0,236.1,34.0,傾国の舞,150,105,60,,1.864,0.410,6.590,188.3751,166,殿方の心は、月よりも移ろいやすいのですね…,15,82,0.48,,,,,
田豊〔剛直〕,田豊,剛直,群雄,7,高,弓兵,支援,10394,204.9,326.0,237.9,34.0,剛直の諫言,150,100,60,,1.591,2.266,4.734,162.7629,144,聞き入れられぬ諫言こそ、真の諫言よ。,25,87,0.44,,,,,
朱桓〔濡須〕,朱桓,濡須,呉,7,高,歩兵,均衡,12010,122.7,118.4,101.8,56.6,濡須の返し矢,150,100,60,cheer,0.965,0.773,6.227,138.4444,122,敵の胆を、この手で冷やしてやろう。,72,60,-0.09,,,,0.10,
曹真〔大司馬〕,曹真,大司馬,魏,7,高,歩兵,耐久,15528,79.8,80.0,51.4,56.6,大司馬の陣,150,95,60,relief,1.002,0.630,6.370,127.2139,112,大司馬の名は、伊達ではない。,70,65,-0.04,,,,,
馬騰〔西涼〕,馬騰,西涼,群雄,5,中,騎兵,均衡,6063,63.9,56.2,104.1,42.3,西涼鉄騎,150,100,60,banner,0.880,0.644,4.356,70.3688,62,西涼の風は、止まぬ。,78,50,-0.20,,,,,
孫尚香〔弓腰姫〕,孫尚香,弓腰姫,呉,6,中,弓兵,瞬発,4908,449.2,424.2,897.6,34.0,弓腰姫の狙撃,300,130,140,pursuit,0.944,2.700,3.300,149.2717,132,弓はわたしの嫁入り道具よ！,74,58,-0.11,,,,0.044,
費禕〔大将軍〕,費禕,大将軍,蜀,6,中,弓兵,支援,10346,222.8,306.0,243.5,34.0,漢中の督軍,150,100,60,command,1.373,1.183,4.817,163.9069,145,笑談のうちに、事は定まるものだ。,35,80,0.32,,,,,
郝昭〔陳倉〕,郝昭,陳倉,魏,6,中,歩兵,耐久,12250,63.0,62.8,51.4,56.6,陳倉の備え,150,95,60,diehard,0.996,2.466,3.534,100.3567,89,陳倉は落ちぬ。幾万で来ようともだ。,68,62,-0.04,,,,,
華雄〔汜水関〕,華雄,汜水関,群雄,5,中,歩兵,火力,5391,118.7,80.6,213.1,56.6,汜水関の大刀,300,100,140,,0.679,1.561,3.439,89.9055,79,関の前に立つ者、皆斬る！,82,25,-0.41,,,,-0.096,
沮授〔監軍〕,沮授,監軍,群雄,5,中,弓兵,支援,9122,173.7,295.1,237.0,34.0,監軍の戒め,150,100,60,mochi,1.699,1.730,3.270,142.5695,126,策は献じた。用いるかは君主の器量よ。,20,84,0.46,,,,,
賀斉〔山越討伐〕,賀斉,山越討伐,呉,5,中,歩兵,均衡,9100,93.5,88.4,102.2,56.6,山越討伐,300,100,140,sustain,0.945,0.964,4.036,105.1089,93,山越の乱は、この賀斉が鎮める。,70,55,-0.11,,,,,
文聘〔江夏〕,文聘,江夏,魏,5,中,歩兵,耐久,13143,67.8,67.0,51.5,62.3,江夏の水軍,150,95,60,,0.988,0.478,4.522,109.7135,97,江夏の守りは、わしの誇りだ。,65,58,-0.05,1,0.5,,,
王双〔大刀〕,王双,大刀,魏,4,中,騎兵,火力,3711,82.1,52.4,213.1,42.3,流星鎚,300,95,140,,0.639,1.064,2.936,61.6164,54,我が大刀に敵う者なし！,78,20,-0.41,,,,,
蒋欽〔射術〕,蒋欽,射術,呉,4,中,弓兵,火力,5519,387.9,363.2,687.2,34.0,濡須の督戦,150,105,60,,0.936,0.687,3.313,146.8794,130,百歩先の的とて、外さぬ。,68,52,-0.11,,,,0.026,
馬良〔白眉〕,馬良,白眉,蜀,4,中,弓兵,支援,9111,182.4,284.2,239.3,34.0,白眉の進言,150,105,60,cheer,1.559,0.692,3.308,143.0954,126,白眉もっとも良し——とは、面映ゆい。,25,82,0.41,,,,,
王允〔連環計〕,王允,連環計,群雄,4,中,弓兵,支援,9056,171.4,297.2,237.9,34.0,誅董の密詔,300,100,140,,1.733,0.785,3.215,141.8124,125,老臣、一命を賭して国賊を除かん。,18,80,0.44,,,,,
袁術〔仲家〕,袁術,仲家,群雄,3,低,歩兵,支援,9213,62.6,67.1,68.4,56.6,仲家の施し,150,100,60,,1.072,1.033,1.967,87.0491,77,玉璽は、この手の中にある！,40,45,0.04,,,,0.018,
周倉〔刀持ち〕,周倉,刀持ち,蜀,3,低,歩兵,耐久,9798,54.7,40.4,54.3,56.6,捨て身の迎撃,300,100,140,laststand、cover,0.739,1.350,1.650,82.5102,73,関公の青龍刀は、わしが担ぐ！,72,28,-0.31,,,,,
陳武〔廬江〕,陳武,廬江,呉,3,低,歩兵,火力,6051,88.3,67.5,142.5,56.6,廬江の突入,75,100,0,vanguard,0.764,1.350,1.650,82.5102,73,先陣だけは、誰にも譲らん！,70,30,-0.29,,,,,
劉表〔八俊〕,劉表,八俊,群雄,3,低,弓兵,支援,8187,180.1,242.8,246.8,34.0,荊州の静観,150,95,60,command,1.348,0.598,2.402,130.5834,115,荊州は動かぬ。それでよいのだ。,30,65,0.25,,,,,
紀霊〔三尖刀〕,紀霊,三尖刀,群雄,2,低,歩兵,均衡,7930,61.9,48.6,76.4,56.6,三尖刀,75,100,0,,0.785,0.701,1.299,79.1867,70,三尖刀の錆にしてくれるわ！,65,30,-0.25,1,,,,
鄧芝〔外交〕,鄧芝,外交,蜀,2,低,弓兵,支援,7161,156.6,210.3,244.9,34.0,同盟の使者,150,100,60,,1.343,0.816,1.184,113.7819,101,呉と蜀は、唇と歯の間柄なり。,35,75,0.29,,,,,
蒋琬〔社稷〕,蒋琬,社稷,蜀,2,低,弓兵,支援,7206,149.4,219.9,241.6,34.0,丞相の遺法,150,95,60,legacy,1.472,0.821,1.179,113.7165,100,急がず、乱さず、絶やさず。,28,78,0.36,,,,,
劉曄〔智嚢〕,劉曄,智嚢,魏,2,低,弓兵,火力,4613,232.6,380.8,616.7,34.0,霹靂車,300,105,140,,1.637,0.634,1.366,116.2997,103,霹靂車——放て。,22,83,0.44,,,,,
韓遂〔九曲〕,韓遂,九曲,群雄,1,低,騎兵,均衡,5880,37.4,37.2,63.5,42.3,九曲の遁走,150,100,60,,0.995,0.201,0.799,53.2945,47,乱世は長い。生き残った者の勝ちよ。,55,50,-0.04,,,,0.100,
張宝〔地公将軍〕,張宝,地公将軍,群雄,1,低,弓兵,支援,6495,157.2,178.8,253.7,34.0,妖術の霧,150,105,60,chain,1.137,0.450,0.550,105.0356,93,黄天の力、とくと見よ。,45,60,0.11,,,,,
闞沢〔詐降の証〕,闞沢,詐降の証,呉,1,低,弓兵,支援,6769,124.5,228.0,237.5,34.0,詐降の書,150,105,60,,1.831,0.387,0.613,105.8982,94,偽りの降書に、この命を賭けよう。,15,78,0.45,,,,,
陳羣〔九品〕,陳羣,九品,魏,1,低,弓兵,支援,6698,128.6,219.0,239.3,34.0,九品官人法,150,100,60,legacy,1.703,0.439,0.561,105.1925,93,人には品あり、法には格あり。,18,76,0.41,,,,,
陳琳〔檄文〕,陳琳,檄文,群雄,1,低,歩兵,支援,8529,46.5,76.9,58.0,56.6,討曹の檄,150,100,60,chain,1.656,0.224,0.776,74.2332,66,筆は剣より鋭い。檄文一つで天下が震える。,20,78,0,,,,,
祖茂〔赤幘〕,祖茂,赤幘,呉,1,低,騎兵,均衡,5396,34.5,29.1,63.0,42.3,赤幘の囮,150,100,60,dirge,0.842,0.158,0.842,48.7132,43,主君の赤幘、囮に使わせてもらう！,62,35,0,,,,,
霍峻〔葭萌〕,霍峻,葭萌,蜀,2,低,歩兵,耐久,9562,48.8,48.8,51.0,56.6,葭萌の固守,150,100,60,,1.000,0.824,1.176,78.0224,69,わしの首はやれても、城は渡さぬ。,39,36,0,,,,,
曹性〔射眼〕,曹性,射眼,群雄,2,低,騎兵,瞬発,4421,48.6,41.5,108.3,42.3,射眼の一矢,300,100,140,pursuit,0.854,0.570,1.430,52.3342,46,その眼、いただく！,68,40,0,,,,,
高覧〔四庭柱〕,高覧,四庭柱,群雄,3,低,騎兵,火力,4339,59.0,51.9,134.3,42.3,四庭柱の突き,300,100,140,legacy,0.880,0.781,2.219,57.2002,51,四庭柱の名、伊達ではないぞ！,78,50,0,,,,,
許攸〔烏巣〕,許攸,烏巣,群雄,3,低,弓兵,支援,7781,154.9,288.8,259.3,34.0,烏巣の火,300,100,140,chain,1.864,0.843,2.157,127.2140,112,烏巣を焼け。それで決まりだ。,15,82,0,,,,,
孫桓〔夷陵〕,孫桓,夷陵,呉,4,中,騎兵,均衡,5647,56.7,54.7,100.0,42.3,夷陵の固守,150,100,60,rearguard,0.965,0.641,3.359,64.2279,57,夷陵は渡さぬ。ここが呉の門だ！,72,60,0,,,,,
兀突骨〔藤甲〕,兀突骨,藤甲,群雄,4,中,歩兵,耐久,11633,62.3,32.4,51.0,56.6,藤甲兵,150,100,60,vanguard,0.520,1.040,2.960,94.9203,84,藤甲は矢も刃も通さぬ！,84,12,0,,,,,
周魴〔断髪〕,周魴,断髪,呉,6,中,歩兵,支援,12062,89.7,104.8,75.6,56.6,断髪の詐降,150,100,60,disrupt,1.168,0.411,5.589,119.8192,106,この髪を断って、偽りを真にする。,50,72,0,,,,,
関興〔安国〕,関興,安国,蜀,6,中,騎兵,火力,4619,91.3,84.0,196.0,42.3,青龍刀の継承,300,100,140,avenge,0.921,1.127,4.873,73.5568,65,父の青龍刀、この手で振るう！,85,62,0,,,,,
華佗〔神医〕,華佗,神医,群雄,6,中,弓兵,支援,8905,165.5,352.4,259.3,34.0,麻沸散,150,100,60,relief,2.129,2.511,3.489,145.5849,129,傷は治す。だが戦は治せぬ。,10,80,0,,,,,
司馬師〔景王〕,司馬師,景王,魏,8,高,歩兵,均衡,11219,110.3,129.7,100.0,56.6,淮南討伐,300,100,140,diehard,1.176,1.529,6.471,128.1652,113,この眼、抉られようと退かぬ。,60,88,0,,,,,
司馬昭〔晋王〕,司馬昭,晋王,魏,8,高,騎兵,支援,9019,66.7,81.5,75.6,42.3,晋王の号令,150,100,60,order,1.222,0.589,7.411,89.1997,79,司馬昭の心、路傍の人も知る。,55,90,0,,,,,
黄月英〔木牛流馬〕,黄月英,木牛流馬,蜀,8,高,弓兵,火力,6918,393.1,598.4,672.2,34.0,元戎連弩,300,100,140,cheer,1.522,1.866,6.134,182.0831,161,連弩の的になりたい者は前へ。,30,92,0,,,,,
徐庶〔元直〕,徐庶,元直,蜀,9,高,歩兵,支援,14631,107.6,138.2,75.6,56.6,八門金鎖破り,150,100,60,disrupt,1.285,0.716,8.284,145.3379,128,八門金鎖、破って見せよう。,45,85,0,,,,,
曹休〔千里駒〕,曹休,千里駒,魏,9,高,騎兵,火力,5584,109.9,105.1,196.0,42.3,虎豹騎の突撃,300,100,140,pursuit,0.956,1.635,7.365,88.9127,79,千里の駒、ここに在り！,80,65,0,,,,,
羊祜〔徳政〕,羊祜,徳政,魏,10,高,歩兵,支援,15155,112.2,136.0,75.6,56.6,荊州の徳政,150,100,60,relief,1.212,1.166,8.834,150.5475,133,徳をもって敵に臨む。,55,88,0,,,,,
文鴦〔単騎駆け〕,文鴦,単騎駆け,魏,10,高,騎兵,瞬発,5129,133.7,109.5,256.0,42.3,単騎駆け,150,100,60,futou,0.818,1.916,8.084,93.3459,82,単騎で来い、まとめて相手してやる！,96,50,0,,,,,
