章,戦,戦名,帯,ボス,陣形,敵デッキ,登用,前口上
1,1,妖霧の前哨,汜水関,,魚鱗,周倉〔刀持ち〕、糜竺〔子仲〕、韓遂〔九曲〕、張宝〔地公将軍〕、樊建〔伝令〕、宗預〔使者〕,張宝,黄巾の霧が郷を呑んだ。妖しき将・張宝が手勢を率いて迫る。まずは初陣である。
1,2,桃園の義勇,汜水関,,鶴翼,劉備〔徳将〕、簡雍〔憲和〕、糜竺〔子仲〕、孫乾〔従事〕、樊建〔伝令〕、宗預〔使者〕,劉備、簡雍,同じ乱を駆ける義勇の軍と轡が並んだ。筵売りから起った男の器を、布陣で測り合う。
1,3,燕人の一喝,汜水関,,魚鱗,張飛〔当陽橋〕、周倉〔刀持ち〕、糜竺〔子仲〕、張宝〔地公将軍〕、樊建〔伝令〕、宗預〔使者〕,張飛,「わが武を試すか！」燕人張飛が吼える。受けて立たねば男が廃る。
1,4,残党狩り,汜水関,,鶴翼,周倉〔刀持ち〕、廖化〔老将〕、韓遂〔九曲〕、糜竺〔子仲〕、張宝〔地公将軍〕、紀霊〔三尖刀〕,周倉、廖化,散った黄巾の生き残りが山に籠った。頭目は刀持ちの大男と若き俊足。降せば良い将になる。
1,5,黄天当立,汜水関,1,雁行,周倉〔刀持ち〕、廖化〔老将〕、張角〔太平道〕、張宝〔地公将軍〕、樊建〔伝令〕、宗預〔使者〕,張角,大賢良師・張角が自ら妖術の陣を布いた。蒼天已死──妖霧の奥の本陣を突け。
2,1,汜水関の大刀,汜水関,,魚鱗,華雄〔汜水関〕、張任〔落鳳〕、韓遂〔九曲〕、劉表〔八俊〕、張宝〔地公将軍〕、紀霊〔三尖刀〕,華雄,董卓の先鋒・華雄が関の前で大刀を振るい、諸侯の将を次々に斬った。次に進み出るのはお前だ。
2,2,白馬義従,汜水関,,雁行,公孫瓚〔白馬義従〕、韓遂〔九曲〕、陳羣〔九品〕、劉曄〔智嚢〕、樊建〔伝令〕、張宝〔地公将軍〕,公孫瓚,北平の公孫瓚が白馬をそろえて演武を挑んできた。義従の突撃を受けきれば、盟は固くなる。
2,3,江東の先鋒,汜水関,,魚鱗,程普〔老練〕、陳武〔廬江〕、全琮〔護軍〕、呂範〔子衡〕、闞沢〔詐降の証〕、張昭〔文淵〕,程普,孫堅軍の先鋒・程普は三代に仕える古豪。矛先は老いてなお錆びていない。
2,4,江東の虎,汜水関,,雁行,孫堅〔江東の虎〕、全琮〔護軍〕、呂範〔子衡〕、闞沢〔詐降の証〕、張昭〔文淵〕、丁奉〔雪中〕,孫堅,虎が来た。洛陽へ最も深く斬り込んだ男・孫堅文台。この演武、手加減はどちらにも無い。
2,5,傾国の舞,汜水関,,雁行,韓遂〔九曲〕、張任〔落鳳〕、貂蝉〔傾国〕、王允〔連環計〕、張宝〔地公将軍〕、樊建〔伝令〕,王允、貂蝉,司徒王允の邸に舞う影あり。連環の計は敵も味方も欺いてこそ。舞の裏の刃を見抜け。
2,6,郿塢の暴虐,汜水関,,鶴翼,董卓〔暴虐〕、張任〔落鳳〕、韓遂〔九曲〕、糜竺〔子仲〕、張宝〔地公将軍〕、紀霊〔三尖刀〕,董卓,肥えた相国は郿塢に財と兵を溜め込んだ。暴虐の壁は厚い。だが崩れるときは一息だ。
2,7,虎牢関,汜水関,1,魚鱗,呂布〔飛将〕、高順〔陥陣〕、韓遂〔九曲〕、劉表〔八俊〕、張宝〔地公将軍〕、宗預〔使者〕,呂布,人中に呂布、馬中に赤兎。虎牢関に天下無双が立ち塞がる。三人がかりでも抜けなかった男へ、軍で挑め。
3,1,陥陣営,汜水関,,魚鱗,高順〔陥陣〕、張任〔落鳳〕、韓遂〔九曲〕、陳宮〔公台〕、張宝〔地公将軍〕、紀霊〔三尖刀〕,高順,呂布が滅んでなお、陥陣営は降らず戦い続ける。攻めれば必ず陥とすという漢を、こちらの旗の下へ。
3,2,宛城の死闘,汜水関,,鶴翼,典韋〔古之悪来〕、田豫〔国譲〕、曹洪〔救主〕、楽綝〔揚州〕、陳羣〔九品〕、劉曄〔智嚢〕,典韋,宛城の夜、門を一人で塞いだ悪来が居る。双戟はすでに無い。それでも門は破れない。
3,3,虎痴の怪力,汜水関,,魚鱗,許褚〔虎痴〕、田豫〔国譲〕、楽綝〔揚州〕、陳羣〔九品〕、劉曄〔智嚢〕、満寵〔剛毅〕,許褚,牛を引きずって歩く男が力比べを挑んできた。受けよ。虎痴の腕は本物だ。
3,4,独眼の将,汜水関,,魚鱗,夏侯惇〔独眼〕、田豫〔国譲〕、楽綝〔揚州〕、陳羣〔九品〕、劉曄〔智嚢〕、満寵〔剛毅〕,夏侯惇,矢を受けた己の眼を呑んだ将が居るという。親の精、棄つべからず──独眼の将は退かぬ。
3,5,山越討伐,汜水関,,魚鱗,賀斉〔山越討伐〕、董襲〔断纜〕、全琮〔護軍〕、呂範〔子衡〕、闞沢〔詐降の証〕、張昭〔文淵〕,賀斉、董襲,山越の乱を鎮めて回る呉の討伐隊と競り合いになった。飾りたてた武具は伊達ではない。
3,6,神亭嶺,汜水関,,雁行,陳武〔廬江〕、潘璋〔急襲〕、太史慈〔神射〕、呂範〔子衡〕、闞沢〔詐降の証〕、丁奉〔雪中〕,太史慈、陳武,神亭嶺で小覇王と組み討った弓の名手が、また誰かを試している。的になるか、射抜くかだ。
3,7,小覇王,汜水関,1,鶴翼,孫策〔小覇王〕、周泰〔身代〕、全琮〔護軍〕、潘璋〔急襲〕、呂範〔子衡〕、張昭〔文淵〕,孫策,江東の風が来る。小覇王・孫策、駆け抜けた者だけが群雄の名を得る。正面から受けて立て。
4,1,白馬の急,官渡,,鶴翼,顔良〔河北の驍〕、文醜〔河北の勇〕、韓遂〔九曲〕、紀霊〔三尖刀〕、沮授〔監軍〕、田豊〔剛直〕,顔良、文醜,河北の二枚看板が白馬津に迫る。顔良と文醜、名だけで城門が閉まる武である。
4,2,千里行,官渡,,魚鱗,関羽〔漢寿亭侯〕、周倉〔刀持ち〕、廖化〔老将〕、陳到〔白毦〕、樊建〔伝令〕、宗預〔使者〕,関羽,五関を破って兄のもとへ急ぐ美髯公と道が交わった。青龍偃月刀に義理の通らぬ戦は無い。礼を尽くして立ち合え。
4,3,烏巣の火,官渡,,雁行,楽進〔先登〕、曹洪〔救主〕、郭嘉〔鬼才〕、荀彧〔王佐〕、劉曄〔智嚢〕、陳羣〔九品〕,郭嘉、荀彧,兵糧を焼くか守るかで官渡は決まる。曹の陣営は十勝十敗の算を立てて待ち構えていた。
4,4,毒士の帰順,官渡,,魚鱗,楽進〔先登〕、曹仁〔堅守〕、田豫〔国譲〕、賈詡〔毒士〕、李典〔慎重〕、劉曄〔智嚢〕,賈詡、李典,かつて曹操を最も追い詰めた毒士が、あっさりと軍門に加わった。読み合いで勝てるか試される。
4,5,長駆の斧,官渡,,鶴翼,徐晃〔長駆〕、張郃〔巧変〕、楽進〔先登〕、田豫〔国譲〕、陳羣〔九品〕、劉曄〔智嚢〕,徐晃、張郃,敵中を長駆して敵塁を抜く斧と、袁を見限った巧変の将。降した将ほど頼りになる。
4,6,冀州の名門,官渡,,雁行,文醜〔河北の勇〕、韓遂〔九曲〕、袁紹〔盟主〕、田豊〔剛直〕、沮授〔監軍〕、張宝〔地公将軍〕,袁紹、田豊,四世三公の名門・袁本初が官渡に大軍を布いた。数はあちらが上。ゆえに崩し方が要る。
4,7,乱世の奸雄,官渡,1,鶴翼,曹操〔魏王〕、張遼〔逍遥津〕、楽進〔先登〕、田豫〔国譲〕、陳羣〔九品〕、劉曄〔智嚢〕,曹操、張遼,治世の能臣、乱世の奸雄。官渡を制した曹孟徳が自ら軍を進めてきた。ここを越えれば中原に名が届く。
5,1,三顧の礼,官渡,,雁行,陳到〔白毦〕、馬岱〔追撃〕、諸葛亮〔臥龍〕、馬良〔白眉〕、樊建〔伝令〕、宗預〔使者〕,諸葛亮,草廬を三度訪ねよ、と言われた。伏龍は軽くは動かぬ。まず布陣で器を示せという。
5,2,長坂坡,官渡,,魚鱗,趙雲〔長坂坡〕、陳到〔白毦〕、周倉〔刀持ち〕、馬良〔白眉〕、樊建〔伝令〕、宗預〔使者〕,趙雲,阿斗を懐に敵中を七度駆けた白馬の将。単騎で万に値する武を、目の前で見ることになる。
5,3,錦帆賊,官渡,,魚鱗,甘寧〔錦帆賊〕、董襲〔断纜〕、陳武〔廬江〕、蒋欽〔射術〕、丁奉〔雪中〕、呂範〔子衡〕,甘寧、蒋欽,鈴の音がしたら錦帆賊が来る。百騎で敵営を劫かす男は、雇い主も新しい鈴で選ぶ。
5,4,断金の交,官渡,,鶴翼,凌統〔断金〕、周泰〔身代〕、黄蓋〔苦肉〕、全琮〔護軍〕、魯粛〔塌上策〕、呂範〔子衡〕,凌統、魯粛,父の仇と同じ軍で戦えるか。断金の交わりに至る前の、いちばん硬い呉の陣である。
5,5,詐降の書,官渡,,雁行,黄蓋〔苦肉〕、周泰〔身代〕、闞沢〔詐降の証〕、龐統〔鳳雛〕、張昭〔文淵〕、徐盛〔疑城〕,闞沢、龐統,苦肉の計に詐降の書、連環の献策。赤壁の仕掛けが静かに束ねられていく。看破できるか。
5,6,赤壁,官渡,1,雁行,甘寧〔錦帆賊〕、黄蓋〔苦肉〕、周瑜〔赤壁〕、韓当〔老弓〕、丁奉〔雪中〕、呂範〔子衡〕,周瑜,東南の風が吹いた。美周郎の号令一下、火は長江を渡る。歴史ごと焼き尽くす前に、大都督を止めよ。
6,1,弓腰姫,赤壁,,雁行,周泰〔身代〕、全琮〔護軍〕、孫尚香〔弓腰姫〕、韓当〔老弓〕、徐盛〔疑城〕、丁奉〔雪中〕,孫尚香,輿入れの列の護衛がみな弓を帯びている。姫が先頭で構えているのだから当然である。
6,2,西涼の錦,赤壁,,鶴翼,馬超〔錦馬超〕、馬騰〔西涼〕、馬岱〔追撃〕、韓遂〔九曲〕、張宝〔地公将軍〕、紀霊〔三尖刀〕,馬超,潼関で曹操に髭を切らせた錦馬超が、西涼鉄騎を率いて堰を切った。騎馬の洪水を受け止めよ。
6,3,入蜀,赤壁,,魚鱗,厳顔〔老当〕、張任〔落鳳〕、呉懿〔外戚〕、法正〔翼侯〕、馬良〔白眉〕、樊建〔伝令〕,法正、呉懿,蜀の険は兵より固い。老将は斬られても頭を下げず、雒城の軍師は落鳳坡で矢を待つ。
6,4,定軍山,赤壁,,魚鱗,夏侯淵〔神速〕、張郃〔巧変〕、徐晃〔長駆〕、黄忠〔定軍山〕、李典〔慎重〕、陳羣〔九品〕,黄忠、夏侯淵,三日で五百里を駆ける神速の将と、白髪の弓卿が同じ山で相まみえる。頂を取った側が勝つ。
6,5,樊城,赤壁,,鶴翼,龐徳〔白馬〕、于禁〔毅重〕、曹仁〔堅守〕、楽進〔先登〕、満寵〔剛毅〕、劉曄〔智嚢〕,于禁、龐徳,棺を担いで出陣する白馬の将と、三十年無敗の毅重将軍。大雨の樊城で、忠義の形が二つに割れる。
6,6,白衣渡江,赤壁,1,雁行,甘寧〔錦帆賊〕、周泰〔身代〕、呂蒙〔白衣〕、孫権〔碧眼〕、徐盛〔疑城〕、蒋欽〔射術〕,呂蒙、孫権,商人に化けた兵が烽火台を黙らせた。呉下の阿蒙にあらず──士は別れて三日たてば刮目して見よ。
7,1,濡須の返し矢,赤壁,,魚鱗,朱桓〔濡須〕、朱然〔江陵〕、周泰〔身代〕、徐盛〔疑城〕、丁奉〔雪中〕、呂範〔子衡〕,朱桓、朱然,夷陵のあと、魏は勝ち馬に乗ろうと南下した。濡須と江陵、二人の朱がそれを笑って弾き返す。
7,2,呉蜀再盟,赤壁,,雁行,陳到〔白毦〕、王平〔無当〕、鄧芝〔外交〕、蒋琬〔社稷〕、馬良〔白眉〕、樊建〔伝令〕,鄧芝、蒋琬,火は消えた。あとは言葉の仕事である。釜茹でを笑って受ける使者が、同盟を結び直しに来た。
7,3,南蛮の炎,赤壁,,鶴翼,孟獲〔南蛮王〕、紀霊〔三尖刀〕、張任〔落鳳〕、韓遂〔九曲〕、祝融〔火神〕、張宝〔地公将軍〕,孟獲、祝融,七たび捕えて七たび放て。南蛮王は何度でも来る。火神の飛刀を躱しながら、心を攻めよ。
7,4,街亭,赤壁,,雁行,王平〔無当〕、陳到〔白毦〕、馬謖〔幼常〕、費禕〔大将軍〕、馬良〔白眉〕、蒋琬〔社稷〕,馬謖、費禕,山上に布陣すべきか、街道を塞ぐべきか。兵法どおりに敗れた才人の轍を、目の前でなぞるな。
7,5,石亭の計,赤壁,1,雁行,朱桓〔濡須〕、周泰〔身代〕、陸遜〔夷陵〕、韓当〔老弓〕、徐盛〔疑城〕、丁奉〔雪中〕,陸遜,夷陵で蜀を焼いた書生が、石亭で魏をも誘い込んだ。地味な顔で戦だけ巧い。最も厄介な型である。
8,1,九錫の詔,赤壁,,雁行,曹彰〔黄鬚〕、許褚〔虎痴〕、曹丕〔文帝〕、陳羣〔九品〕、劉曄〔智嚢〕、満寵〔剛毅〕,曹丕、曹彰,漢は禅譲で幕を引き、魏文帝が立った。黄鬚の弟が武を、九品の制が政を固める。新しい王朝の陣である。
8,2,陳倉の火矢,赤壁,,魚鱗,郝昭〔陳倉〕、曹真〔大司馬〕、王双〔大刀〕、満寵〔剛毅〕、劉曄〔智嚢〕、陳羣〔九品〕,郝昭、曹真,千の兵で数万を防いだ小城がある。雲梯は焼け、地道は崩された。城攻めの教科書と戦え。
8,3,雍涼の備え,赤壁,,鶴翼,王双〔大刀〕、郭淮〔雍涼〕、曹仁〔堅守〕、楽進〔先登〕、李典〔慎重〕、劉曄〔智嚢〕,王双、郭淮,大刀の猛将と、雍涼を四十年守った地味な名将。派手さは無いが、隙も無い。
8,4,北伐の先鋒,赤壁,,鶴翼,魏延〔子午〕、夏侯霸〔帰蜀〕、王平〔無当〕、陳到〔白毦〕、馬良〔白眉〕、樊建〔伝令〕,魏延、夏侯霸,子午谷を直進せよと反骨の将が唱え、魏を捨てた夏侯の子が蜀の先導を買って出る。北伐の刃は鋭い。
8,5,東興の奇策,赤壁,,雁行,朱桓〔濡須〕、周泰〔身代〕、諸葛恪〔元遜〕、丁奉〔雪中〕、徐盛〔疑城〕、呂範〔子衡〕,諸葛恪,雪の中、短兵を奮って堤を奪い返した戦がある。才気走った太傅の采配は、切れる時は切れる。
8,6,西陵の堅塁,赤壁,,魚鱗,陸抗〔羊陸之交〕、朱然〔江陵〕、周泰〔身代〕、徐盛〔疑城〕、蒋欽〔射術〕、闞沢〔詐降の証〕,陸抗,呉最後の名将は、敵将と薬を贈り合いながら一歩も引かない。信義と用兵が両立する見本である。
8,7,九伐中原,赤壁,,鶴翼,姜維〔幼麟〕、傅僉〔守将〕、王平〔無当〕、陳到〔白毦〕、馬良〔白眉〕、宗預〔使者〕,姜維、傅僉,丞相の遺志は幼麟が継いだ。九たび中原へ兵を出し、九たび退いてなお止まぬ執念と刃を交える。
8,8,蜀を滅ぼす二士,赤壁,,魚鱗,鍾会〔士季〕、鄧艾〔陰平〕、王双〔大刀〕、賈詡〔毒士〕、劉曄〔智嚢〕、陳羣〔九品〕,鍾会、鄧艾,一人は堂々と剣閣を抑え、一人は陰平の獣道を七百里踏破した。二士が並べば国が一つ落ちる。
8,9,五丈原,赤壁,1,雁行,張郃〔巧変〕、曹真〔大司馬〕、司馬懿〔冢虎〕、李典〔慎重〕、満寵〔剛毅〕、劉曄〔智嚢〕,司馬懿,冢虎は動かない。営を固く閉ざし、時が敵を殺すのを待つ。持久の名人を、力ずくで開けてみせよ。
